Plate_Loc,Barcode-RC
1_A01,GGAGACAAGGGA
1_B01,CCAGTGTATGCA
1_C01,GCGATATATCGC
1_D01,TCTAGCGTAGTG
1_E01,GGCCACGTAGTA
1_F01,GTCAATTGACCG
1_G01,GAACTAGTCACC
1_H01,AGGCATCTTACG
1_A02,AATCAGTCTCGT
1_B02,CCTCGTTCGACT
1_C02,TAGGATTGCTCG
1_D02,TCGAGGACTGCA
1_E02,TAGGAACTGGCC
1_F02,ATGAGACTCCAC
1_G02,GACGGAACCCAT
1_H02,CAGCTAGAACGC
1_A03,AATCCGTACAGC
1_B03,TGAGTCACTGGT
1_C03,ATGTGCACGACT
1_D03,CGGAGCTATGGT
1_E03,CTAGCGAACATC
1_F03,GAATCTTCGAGC
1_G03,CAAGCATGCCTA
1_H03,TCCCAGAACAAC
1_A04,ACACCTGGTGAT
1_B04,GACTTGGTATTC
1_C04,ACGCGCAGATAC
1_D04,AAGAGATGTCGA
1_E04,GACAGGAGATAG
1_F04,ACACGTAAGCCT
1_G04,CCTGAACTAGTT
1_H04,AGCTGGAAGTCC
1_A05,TATCGTTGACCA
1_B05,TACACGATCTAC
1_C05,GACTTTCCCTCG
1_D05,TCCAAAGTGTTC
1_E05,ATTCCTGTGAGT
1_F05,GAGTGGTAGAGA
1_G05,CTTCGGCAGAAT
1_H05,CACGGTTGTGAG
1_A06,TTACTGTGCGAT
1_B06,GCACACACGTTA
1_C06,ATCCCGAATTTG
1_D06,TACAGATGGCTC
1_E06,GAGGCTCATCAT
1_F06,GAAGTTGGAAGT
1_G06,ACGGGACATGCT
1_H06,GAGGAATAGCAG
1_A07,AGGCTACACGAC
1_B07,CACGCCATAATG
1_C07,GTTGGTCAATCT
1_D07,ACGTGTACCCAA
1_E07,TCCTCTGTCGAC
1_F07,TTCCTAGGTGAG
1_G07,GTCATATCGTAC
1_H07,CAGCGGTGACAT
1_A08,CTAACCTCCGCT
1_B08,CAGGCGTATTGG
1_C08,TAGCTCGTAACT
1_D08,AAGGAGCGCCTT
1_E08,CTATTTGCGACA
1_F08,GCACGACAACAC
1_G08,GGAAACCACCAC
1_H08,ATCGGCGTTACA
1_A09,GAACCAAAGGAT
1_B09,GGATCGCAGATC
1_C09,CAGTGCATATGC
1_D09,CGATCCGTATTA
1_E09,AGTAGAGGGATG
1_F09,ATCGATCTGTGG
1_G09,TTGCGCATACTA
1_H09,AGATGTTCTGCT
1_A10,GTATGCGCTGTA
1_B10,GCTGATGAGCTG
1_C10,TCACGGGAGTTG
1_D10,GTCTAATTCCGA
1_E10,CGCAGCGGTATA
1_F10,CTTGTGTCGATA
1_G10,ACATTCAGCGCA
1_H10,CCACCTACTCCA
1_A11,GTACATACCGGT
1_B11,AGCTGTTGTTTG
1_C11,CTGCTAACGCAA
1_D11,TCCGAATTCACA
1_E11,AATGCCTCAACT
1_F11,TGAGCCGGAATC
1_G11,ACTGACAGCCAT
1_H11,GAATAGAGCCAA
1_A12,TCCGACACAATT
1_B12,GGATGGTGTTGC
1_C12,TTAGGGCTCGTA
1_D12,ACGCCACGAATG
1_E12,GGTGTCTATTGT
1_F12,GCGGCAATTACG
1_G12,CGAGAAGAGAAC
1_H12,GTACGTGGGATC
2_A01,GAAGAAGCGGTA
2_B01,TATCAGGTGTGC
2_C01,TCTTCCGCTACT
2_D01,ATCGCTCGAGGA
2_E01,GCATGGCTCTAA
2_F01,CAACACGCACGA
2_G01,CGACTGTCTTAA
2_H01,GATTGGTTGCAC
2_A02,TGTTATCGCACA
2_B02,TGTAATTGTCGC
2_C02,GTACCTAATTGC
2_D02,TAACGCTTGGGT
2_E02,CCATAGGGTTCA
2_F02,CCATGCGATAAC
2_G02,GCTCAGTGCAGA
2_H02,TCAAGCTCAAGC
2_A03,TCGTCGATAATC
2_B03,AATGGAGCATGA
2_C03,ACTCACGGTATG
2_D03,AATCTTGCTGCA
2_E03,TGGCAAGACTCT
2_F03,CCTCTCGTGATC
2_G03,TACTAATCTGCG
2_H03,TAATCCACAGCG
2_A04,ATTGGGCTAGGC
2_B04,AGCTTGACAGCT
2_C04,GTCTACACACAT
2_D04,TGCAATGTTGCT
2_E04,TCGGAGTGTTGT
2_F04,GCCTGAATTTAC
2_G04,ATGTGGGACCCA
2_H04,GGTCACTGACAG
2_A05,ACCACATACATC
2_B05,TCTGTTGCTCTC
2_C05,ATACTTCGCAGG
2_D05,TAACACCACATC
2_E05,TCAACAGCATCG
2_F05,GTCCGAAACACT
2_G05,TATGCACCAGTG
2_H05,GACTCGAATCGT
2_A06,AACACAAGGAGT
2_B06,AGTTCCCGAGTA
2_C06,ATGTCGAGAGAA
2_D06,GACACATTTCTG
2_E06,TTATGCAGTCGT
2_F06,TAAACCGCGTGT
2_G06,AGAGCCTACGTT
2_H06,ATGGACCGAACC
2_A07,AATGTCCGTGAC
2_B07,AGCCTAAGCACG
2_C07,TCTACGGAGAGC
2_D07,CTCTACCTCTAC
2_E07,ATTAGTTCGCGT
2_F07,CTAGATTTGCCA
2_G07,CGGACTACAACT
2_H07,AAGATGGATCAG
2_A08,TACTTCGCTCGC
2_B08,ATACCTTCGGTA
2_C08,GGTCAGCTTAAC
2_D08,TAGCGGATCACG
2_E08,CCATACATAGCT
2_F08,TAAGGTAAGGTG
2_G08,CGGGTTTGACGA
2_H08,AGCCGGCACATA
2_A09,GCTTCGGTAGAT
2_B09,GAATGATGAGTG
2_C09,ACGGCATGGCAT
2_D09,CGCCAAATAACC
2_E09,ATGATGACCCGT
2_F09,CAGGAAGGTTAA
2_G09,TGGCACCGATTA
2_H09,ACGATGCGACCA
2_A10,CTTACACCAAGT
2_B10,CGTCCGAAATAC
2_C10,CGTGACAATGTC
2_D10,GTATTACGATCC
2_E10,GTGGGATGTTTC
2_F10,TGGCATACGGCA
2_G10,CTACCGGATCAA
2_H10,CCAAGTCTTACA
2_A11,TGACCTCCAAGA
2_B11,GCAGGATAGATA
2_C11,ATGGTTGTTGGC
2_D11,TTGATGCTATGC
2_E11,CTCGAGAGTACG
2_F11,ACTATTGTCACG
2_G11,AGCAAACACCCG
2_H11,ACACTAGATCCG
2_A12,ACAAGGAGGTGA
2_B12,GACTCTTGGCAA
2_C12,CCTAGTACTGAT
2_D12,CACATCTAACAC
2_E12,AACGAGAACTGA
2_F12,CGAGTTGTAGCG
2_G12,AACCGCGGTCAA
2_H12,GCTCGAAGATCG
5_A01,ACCGATAATTCC
5_B01,CAAGTGAGAGAG
5_C01,GTCTTCGTCGCT
5_D01,GGAAAGTCGAAG
5_E01,TCCACAGGAGTT
5_F01,GTTACTGGGTGG
5_G01,GAAGGAAGCAGG
5_H01,TGAGTGGAATGA
5_A02,CTATGCTTGATG
5_B02,GTTGCTTGCAAT
5_C02,GAGTTAGGGAAG
5_D02,GGTTCTTATGAC
5_E02,CTACGACCATTA
5_F02,TCATCGCGATAT
5_G02,CCTTGTGCCTTG
5_H02,TCGTGATGTGAC
5_A03,GTCAACGCGATG
5_B03,ACATGTCACGTG
5_C03,GCCGTTCTTCCA
5_D03,TAACTTGCGGAC
5_E03,TCGACGGTGCAA
5_F03,AGATTACCGGCG
5_G03,GACTTATAGGCC
5_H03,AGAGAAATGTCG
5_A04,ACGACTATGTGC
5_B04,ACTTCAACTGTG
5_C04,GTAGTGTCTAGC
5_D04,GAGAGCTCTACG
5_E04,ACGTCTGTAGCA
5_F04,TCAAGGCATCGG
5_G04,GCATGAAATGGA
5_H04,TAGTTAACGTCC
5_A05,AGTGTATTTGCC
5_B05,CAGTGATCCTAG
5_C05,CGTTCAATCCAA
5_D05,AGCTCTCAGAGG
5_E05,TAGTCAGGCCAT
5_F05,TTCGTGCCTGCT
5_G05,GATGATCGCCGA
5_H05,ACGCAACTGCTA
5_A06,CTGGAGCATGAC
5_B06,ATTTGGGTCATC
5_C06,CACTGGTATATC
5_D06,ACTGCATCGAGG
5_E06,TTGTATGTGCGT
5_F06,TAGTGCTGCGTA
5_G06,TTCGCGTGAAAC
5_H06,TCCAATAGCGTG
5_A07,CAGCTTACTAGG
5_B07,TCCTACTCCGGT
5_C07,TGGCAGTTTGTT
5_D07,TGAATAGTCCGC
5_E07,ACAGACCACTCA
5_F07,CAGCACTAAGCG
5_G07,CAAGGTTCTTGT
5_H07,GGAAGTGAAGTT
5_A08,ACTCGTCGGTAA
5_B08,AGGTAGTCCTCA
5_C08,ACACATGTCTAC
5_D08,CAATTGTGCACG
5_E08,ACGAGTGCTATC
5_F08,TCGCAAACTTTG
5_G08,GCTAAGAGAGTA
5_H08,TATATCCACTGG
5_A09,CTACATCTAAGC
5_B09,GCAAGCCGATTG
5_C09,CGCGTAACTGTA
5_D09,GAACTTAGGCCG
5_E09,AAGTTCGCGCTA
5_F09,AGATCGGCTCGA
5_G09,GCGCGAACAGTT
5_H09,GCGTTACACACA
5_A10,CCGCTACGTCTT
5_B10,CGATCGAGTGTT
5_C10,TACTAGGGCTTG
5_D10,GATGTGAGCGCT
5_E10,GGTGCGTGTATG
5_F10,GAACATGATGAG
5_G10,GTAGATGCTTCG
5_H10,TTGCACGATTGG
5_A11,GGTGTAAGGTAA
5_B11,AACAGCCGGTCA
5_C11,GATCCGACACTA
5_D11,GTGCCATAACCA
5_E11,CTTGACTGAGGT
5_F11,AGAAGTCCCTGG
5_G11,GTGTGGCCAAAC
5_H11,CTCTGCTAGCCT
5_A12,GGCCATTAGTCA
5_B12,TATTGCTCCTCC
5_C12,TGCAGAGCTCAG
5_D12,ATCAGAACCTCG
5_E12,GTGTTTGGTCGA
5_F12,CGCAAGGATTGC
5_G12,TGGGCAACCTGA
5_H12,GTTCGGAGTGAC
6_A01,CAGATTTCGGTG
6_B01,CTGGGTACCATA
6_C01,TGGTGTTGGTGT
6_D01,TGCTCAGTATGT
6_E01,ATGACTCATTCG
6_F01,CTACTGATATCG
6_G01,CCTGTATCCCGT
6_H01,ACAAAGGCCCTG
6_A02,AGTTCTACGTCA
6_B02,TGTCAAGTCGTG
6_C02,CCTATGTGATGG
6_D02,CATAGTTTAGCC
6_E02,ATTCTAGCGTTG
6_F02,GCCTCCCTTATG
6_G02,CTAGAGACTCTT
6_H02,CGATATTCATCG
6_A03,TAGCCGGCATAG
6_B03,TAAGCCTCCAAG
6_C03,TTCTCCGTGTCG
6_D03,GGCTCTGCTCTT
6_E03,ATGGGCTCTGAT
6_F03,AGGAGTAACACA
6_G03,ACCCATGACGGA
6_H03,CCACTAATTGAC
6_A04,CTCCCATACCAC
6_B04,GTGGAACCACGT
6_C04,TGTCATAGGTTC
6_D04,CGTGATCTCTCC
6_E04,TGGCTCTACAGA
6_F04,ATTGCAGGTACC
6_G04,CTGCATAGATCT
6_H04,AGACTGCGTACT
6_A05,TCGGTTGGTACA
6_B05,CAGCAAAGCGTC
6_C05,TATTACCGGCAT
6_D05,TTCACGGGTTGA
6_E05,ACCTAGAGTCGG
6_F05,CCTTATAGGCGA
6_G05,CTTGCCTTGTGC
6_H05,GCAATAGCTGCT
6_A06,ACCCTGTACCCT
6_B06,TACAAACCCTGT
6_C06,GTAGAGCTGTTC
6_D06,CGTGTTTCAAAC
6_E06,TGCTCGTAGGAT
6_F06,GATAGTGCCACT
6_G06,AAGTGTTTGCCG
6_H06,GATCTATCCGAG
6_A07,GATTAGCACTCT
6_B07,GATCTCATAGGC
6_C07,GGTATGACTCAC
6_D07,ACCTGTCTCTCT
6_E07,AGATTCGTTGTC
6_F07,TCTATCGGGTTA
6_G07,ACAGGAACTCGC
6_H07,TCGTTTCGGGAA
6_A08,ATAACCCGCCAA
6_B08,GCCATAGGTTTG
6_C08,CAGTAACGGCCA
6_D08,ATGCACTGGCGA
6_E08,GAGTCAACCGCA
6_F08,ACGTTAGCACAC
6_G08,GCCGATTCGGAA
6_H08,GCGCTAAAGTTC
6_A09,ATGACCATCGTG
6_B09,GCCTTAAGCGAT
6_C09,ATGGCAGCTCTA
6_D09,AGAGTCCTGAGC
6_E09,CCTTTCTTCTCA
6_F09,GATTGCCGCAAG
6_G09,TCTCACTAGGTA
6_H09,GCCTTCTAAGGA
6_A10,CGGATTGGTGAC
6_B10,TCGTTGGATGGT
6_C10,TTGCCACTAGAT
6_D10,GCACCCAAAGTG
6_E10,TCACAGATCCGA
6_F10,CATCAAACCTCA
6_G10,ACCACCAGAACG
6_H10,TTGAAGTCCATC
6_A11,CGTTTGTTAGTG
6_B11,TCCTCCTATTGC
6_C11,TCCCATTGAAGG
6_D11,TGCCAGGCTAGA
6_E11,TAGAGTACCGGC
6_F11,TCGACCAGCAAT
6_G11,AGAGGAGACCAA
6_H11,CGAGGCTCAGTA
6_A12,ATCTGCCTGGAA
6_B12,AGTGACGTTCGG
6_C12,CGATGTCGTCAA
6_D12,ACGCATTGCATT
6_E12,GGTAATCCTGTG
6_F12,GTCCGGCTTCTT
6_G12,CTCAGTATGCAG
6_H12,ATAAGGCCTTCT
7_A01,GACAAGGCTCCA
7_B01,AGCGACTGTGCA
7_C01,AATGGCCTCTAT
7_D01,AGCCGAATTCCA
7_E01,GTCAAACTTACC
7_F01,TATGGCACACAC
7_G01,CGTTGCCTCGTT
7_H01,CGTACTAGACTG
7_A02,GCTTACATCGAG
7_B02,AGGATCCGCATG
7_C02,GGTTTCAAGCTT
7_D02,GACTGCATCTTA
7_E02,GTACCGTGGTAG
7_F02,ATTCGGTTGTCA
7_G02,GTCGCTGTCTTC
7_H02,GAATCCGGACAC
7_A03,ACTGTCGAAGCT
7_B03,TTCTACGGAGCA
7_C03,TCGAGACGCTTA
7_D03,GATTACTCGGCA
7_E03,TCAGACAGACCG
7_F03,AGCACGAGCCTA
7_G03,GATCGCAGGTGT
7_H03,TACATCACCACA
7_A04,CTTGATGCGTAT
7_B04,GTGTACCTATCA
7_C04,CCACGAAGCTAT
7_D04,TCTTGTCAAGGT
7_E04,GGCGACATGTAC
7_F04,CGCCTTAAGGAG
7_G04,GAATGCAACGCC
7_H04,GTTGAACGAAAG
7_A05,TGACGGACATCT
7_B05,TCGATGAACTCG
7_C05,AATTTGATCCCG
7_D05,GGTGGTGGTTAC
7_E05,CGCACTCTAGAA
7_F05,TGACCCAGGCAA
7_G05,CTGAACGCTAGT
7_H05,CAGAATCTTCGG
7_A06,TTCAACAGGTGC
7_B06,GACAATCTGCTT
7_C06,CATTCGATGACT
7_D06,GACCGAGCTATG
7_E06,CATAACATCCGT
7_F06,GAAGCAGAATTG
7_G06,ACTTTGTCGCAA
7_H06,TGTAACGCCAAC
7_A07,AGTTTCTCTAGG
7_B07,CCTACGCCTCTA
7_C07,CGACTCCAAGAT
7_D07,GTTGGCATGGTT
7_E07,TTGTAGCCTCAA
7_F07,AGGTTTGCCAGT
7_G07,CATATACTCGCA
7_H07,GCTCGCTACTTC
7_A08,GTCAAGAACCTC
7_B08,TAACGGCGCTGA
7_C08,AAGACCGGTGCT
7_D08,ACTAGCTCCATA
7_E08,TCCGGTTCCTAC
7_F08,CAAGCTCTGATT
7_G08,TTCGTTGTGGTA
7_H08,TAGGGTCCGCAA
7_A09,CAACCTTTACAG
7_B09,GGAGTCGGTCTA
7_C09,AGGCTGATTTGC
7_D09,TGAAGAGGTAGT
7_E09,TCTGCTAGATGT
7_F09,GTGTCTACATTG
7_G09,AACCGTTCCAGA
7_H09,CCATGTTTCCGC
7_A10,CTCAATGACTCA
7_B10,GACAGCGTTGAC
7_C10,GAGACAGCTTGC
7_D10,TGGGTTATCATC
7_E10,CTACAATGTCGG
7_F10,AACGTATCGCCA
7_G10,CCGAGGTAGTAC
7_H10,CACACTAACGTT
7_A11,TGAACTGCCGTA
7_B11,ACACCCTCCTGT
7_C11,TAATAGGCCGCT
7_D11,TTATATTGGGCC
7_E11,GAGCCTTACATG
7_F11,CTATCGTAAGGC
7_G11,GGTTAACAGGAA
7_H11,GACTGTCATGCA
7_A12,ACTCTTCTAGAG
7_B12,GTTGACGACAGC
7_C12,GGTAGTTGAAGA
7_D12,CCTGTCATACAA
7_E12,ACTTAGCTTGCA
7_F12,AAGACACAGGTA
7_G12,CCACTTGGATAG
7_H12,GAAAGCGATTGA
8_A01,CGCAATCGGTAG
8_B01,AGCAACGGACTC
8_C01,TATGACGGTTCT
8_D01,GCCTATACTACA
8_E01,ATATGCCAGTGC
8_F01,ACTGATCCTAGT
8_G01,TACGCGCTGAGA
8_H01,GAGAAAGACGGT
8_A02,TACCTTGGGTGA
8_B02,CGTACAGTTATC
8_C02,AGGGTTCCAGTT
8_D02,GCATTGCGTGAG
8_E02,TCAACTAATGCC
8_F02,CTTCTAAGGAGC
8_G02,AGGTCTAGGGTC
8_H02,CGCAGACAGACT
8_A03,GTATGACTGGCT
8_B03,TGTCCAGGTTTA
8_C03,GCAGCCGAGTAT
8_D03,ATTTCACGGGAC
8_E03,GATCAACTACCG
8_F03,ATGGGAATGGGA
8_G03,GTCCGCTGAATA
8_H03,ACTTGAGTGCGG
8_A04,AGAGCGCCGTTA
8_B04,TTGTCAATTCGG
8_C04,GTCGTTAAGCGT
8_D04,AATACACTGTCC
8_E04,TCGCCGCTTTCA
8_F04,CGAATGACGCCA
8_G04,CTAATCCGGAAC
8_H04,GGAGTTTCCACA
8_A05,TCTCGAGCAAAC
8_B05,GCTAGATGCCAG
8_C05,GGTCGGTAAGCT
8_D05,CTATAGTCGTGT
8_E05,GTAACCGTAACC
8_F05,ACTCCGAGGATT
8_G05,CTAATTACACGC
8_H05,GAACCTGCCTAA
8_A06,TTAGTGCGTTTG
8_B06,AGAACGACCACC
8_C06,AACTATAGCCCT
8_D06,AAGCACCTACAC
8_E06,GTGACCTGATGT
8_F06,TAATGCGTCCAG
8_G06,GCCAAGCTACAG
8_H06,CCAGTAGTCTTA
8_A07,CGCTCTTTGTTC
8_B07,TTAGCCCATAGT
8_C07,GCTTGCGAGACA
8_D07,GACGCTAGTTCA
8_E07,CATCGTATCAAC
8_F07,TACCTAATCGGT
8_G07,CTTACGAGGCAT
8_H07,TGAAACTTCGCG
8_A08,ACATCACTTAGC
8_B08,CGAACTCAATGC
8_C08,GATATGCGGCTG
8_D08,TGGTGACTCGGA
8_E08,CGGAAGTGTCTG
8_F08,CGAGCAGCACAT
8_G08,TTCACCATAGGT
8_H08,GGCAGTGTATCG
8_A09,CACTTGTCCCTT
8_B09,GGACTCAGCAAC
8_C09,TGCGAACGTATC
8_D09,GACCAAAGAGGA
8_E09,CTCGGATGGTGA
8_F09,GTTTCGTACGTA
8_G09,TCGCTGTAACAG
8_H09,CCGGGATTTCAA
8_A10,CGAATCGACACT
8_B10,GGTTCACCATAG
8_C10,GGCGAATCTTGG
8_D10,ATAGAGGGTGGA
8_E10,CTAGTGGTGGGT
8_F10,GGAGAATGTGAT
8_G10,AAGGCCTGACTG
8_H10,TCGCTCCCTAAC
8_A11,GCCGCTTAATAG
8_B11,ATCCCTTGGTCC
8_C11,TAAATCAGCCTC
8_D11,TTAGCGTCACGA
8_E11,CCACACCTTCTG
8_F11,AGGTACCAGGCT
8_G11,ATGCAGCTCAGT
8_H11,CGGCCACAGTAA
8_A12,AACAATGGTAGG
8_B12,TCTGACCAATAC
8_C12,TGATGCTAACTC
8_D12,GGAACTAGCCGT
8_E12,GATTCAAGCTTC
8_F12,TACGACTTTAGC
8_G12,GGTAGACTTCGT
8_H12,TGGGCCTTATAT
9_A01,ACGTGGTTACGT
9_B01,CAGGTCTGTATT
9_C01,TCAGGTTGCGGA
9_D01,TGGGATGCATGC
9_E01,GCATGCTGGGAT
9_F01,CAATCTGTTGGT
9_G01,ATTCAGCACCAG
9_H01,GACTAACGTCAC
9_A02,ACAATTTCCGAC
9_B02,ACTGGTTGAGTC
9_C02,CGCACCAAGTGA
9_D02,CTCGATTAGATC
9_E02,TTGTCTGGAAGC
9_F02,GTAGTAGGCCAC
9_G02,TGCACCTCTGTC
9_H02,TTACCAAGACTC
9_A03,GCACTCGTTAGA
9_B03,GCTACTTCTTCC
9_C03,CGCCGTACATAA
9_D03,CGGCGCAAGATT
9_E03,TCAGGACTGTGT
9_F03,CGGAGAAGGGAA
9_G03,CAGTTGGTCTGA
9_H03,GTTTGGCGACGA
9_A04,ATTGCCCAGATG
9_B04,CTGTGGATCGAT
9_C04,GTGGACGTCCAA
9_D04,GATGGGATTTCC
9_E04,GCGCCGTATAAT
9_F04,CGTCGTCAAATG
9_G04,AGTCACATCACT
9_H04,GGCATGCATGTT
9_A05,GATCCACGGACA
9_B05,ATTGTGCGGTGT
9_C05,TATAGCCCTGGA
9_D05,GTATTGACGGTC
9_E05,TGCCATCTGAAT
9_F05,CTCGCTTCACTT
9_G05,AGAGTAGCTAAG
9_H05,CACTCAACAGAC
9_A06,AGTTGGCCGAGT
9_B06,AAGGGAGGAGAC
9_C06,GTCTCTCTACGC
9_D06,AAGCCGTTCCAA
9_E06,GAGTCGCGTTTA
9_F06,ATTACGGCGGCA
9_G06,GCTATGGACCGA
9_H06,GGACCGAACTCA
9_A07,ATGCCAACCAAC
9_B07,CATGAGTGCTAC
9_C07,TCTAGGAGTTTC
9_D07,TCGGACCTAGGA
9_E07,TAGTACCCGAGG
9_F07,TTATCCGAGGTT
9_G07,GGAATAAACGTG
9_H07,ATCGCCACGTAA
9_A08,CCACGTGTGGAA
9_B08,CTACTACAGGTG
9_C08,GTTAAGCCCGAT
9_D08,TGATAGTGAGGA
9_E08,GATACAGGTGAA
9_F08,CTACACAAGCAC
9_G08,CGTTTCCGTTTC
9_H08,CGTGAGGCATTG
9_A09,ATCATCTGGGTT
9_B09,GAGTAGCTCGTG
9_C09,CTGATGGGCGTA
9_D09,AGTACTGCAGGC
9_E09,CATGACCTGGAG
9_F09,CGAGTCTAGTTG
9_G09,CAAGACACGACC
9_H09,GTTATCCGTACA
9_A10,TGTTGACACTAC
9_B10,CGCTTATCGAGA
9_C10,CAGTACGATCTT
9_D10,GTGAACTTGGGC
9_E10,GTACGAATCCTG
9_F10,ACCAAGGGCACT
9_G10,TCTTAGACGACG
9_H10,GCCTAGTTGATT
9_A11,ATCTCCTCTCCA
9_B11,ACACGGTGTCTA
9_C11,TGGAAGATGAGT
9_D11,CCTCCTCTTTAT
9_E11,AGGTCGTATGCG
9_F11,TCACGTCGTTCC
9_G11,GGACAACGCTTG
9_H11,ACTTGCCCTCAC
9_A12,CGCATTTATACG
9_B12,GGAAGCTTGTCT
9_C12,GAACTGTATCTC
9_D12,AAGATTCGGCGC
9_E12,TCAGTACGAGGC
9_F12,CGACAGCTGACA
9_G12,CGGGCATAAGTC
9_H12,AATGAGCCCACG
,AATGGGTGGGAA
,ATCGAATGCGGC
